test,setting,experiment,op,sew,lmul,vl,reps,cycles,instructions,status
0,0,A,vredmax,8,1,16,16,215,69,passed
1,0,A,vredmax,8,1,16,272,2263,389,passed
2,1,A,vredmax,8,2,32,16,279,69,passed
3,1,A,vredmax,8,2,32,272,3351,389,passed
4,2,A,vredmax,8,4,64,16,407,69,passed
5,2,A,vredmax,8,4,64,272,5527,389,passed
6,3,A,vredmax,8,8,128,16,647,62,passed
7,3,A,vredmax,8,8,128,272,9863,382,passed
8,4,A,vredmax,16,1,8,16,217,71,passed
9,4,A,vredmax,16,1,8,272,2265,391,passed
10,5,A,vredmax,16,2,16,16,281,71,passed
11,5,A,vredmax,16,2,16,272,3353,391,passed
12,6,A,vredmax,16,4,32,16,409,71,passed
13,6,A,vredmax,16,4,32,272,5529,391,passed
14,7,A,vredmax,16,8,64,16,649,64,passed
15,7,A,vredmax,16,8,64,272,9865,384,passed
16,8,A,vredmax,32,1,4,16,209,72,passed
17,8,A,vredmax,32,1,4,272,2257,392,passed
18,9,A,vredmax,32,2,8,16,273,72,passed
19,9,A,vredmax,32,2,8,272,3345,392,passed
20,10,A,vredmax,32,4,16,16,401,72,passed
21,10,A,vredmax,32,4,16,272,5521,392,passed
22,11,A,vredmax,32,8,32,16,651,66,passed
23,11,A,vredmax,32,8,32,272,9867,386,passed
24,12,A,vredmaxu,8,1,16,16,210,69,passed
25,12,A,vredmaxu,8,1,16,272,2258,389,passed
26,13,A,vredmaxu,8,2,32,16,274,69,passed
27,13,A,vredmaxu,8,2,32,272,3346,389,passed
28,14,A,vredmaxu,8,4,64,16,402,69,passed
29,14,A,vredmaxu,8,4,64,272,5522,389,passed
30,15,A,vredmaxu,8,8,128,16,642,62,passed
31,15,A,vredmaxu,8,8,128,272,9858,382,passed
32,16,A,vredmaxu,16,1,8,16,212,71,passed
33,16,A,vredmaxu,16,1,8,272,2260,391,passed
34,17,A,vredmaxu,16,2,16,16,276,71,passed
35,17,A,vredmaxu,16,2,16,272,3348,391,passed
36,18,A,vredmaxu,16,4,32,16,404,71,passed
37,18,A,vredmaxu,16,4,32,272,5524,391,passed
38,19,A,vredmaxu,16,8,64,16,644,64,passed
39,19,A,vredmaxu,16,8,64,272,9860,384,passed
40,20,A,vredmaxu,32,1,4,16,204,72,passed
41,20,A,vredmaxu,32,1,4,272,2252,392,passed
42,21,A,vredmaxu,32,2,8,16,268,72,passed
43,21,A,vredmaxu,32,2,8,272,3340,392,passed
44,22,A,vredmaxu,32,4,16,16,396,72,passed
45,22,A,vredmaxu,32,4,16,272,5516,392,passed
46,23,A,vredmaxu,32,8,32,16,646,66,passed
47,23,A,vredmaxu,32,8,32,272,9862,386,passed
48,24,A,vredmin,8,1,16,16,213,67,passed
49,24,A,vredmin,8,1,16,272,2261,387,passed
50,25,A,vredmin,8,2,32,16,277,67,passed
51,25,A,vredmin,8,2,32,272,3349,387,passed
52,26,A,vredmin,8,4,64,16,405,67,passed
53,26,A,vredmin,8,4,64,272,5525,387,passed
54,27,A,vredmin,8,8,128,16,645,60,passed
55,27,A,vredmin,8,8,128,272,9861,380,passed
56,28,A,vredmin,16,1,8,16,215,69,passed
57,28,A,vredmin,16,1,8,272,2263,389,passed
58,29,A,vredmin,16,2,16,16,279,69,passed
59,29,A,vredmin,16,2,16,272,3351,389,passed
60,30,A,vredmin,16,4,32,16,407,69,passed
61,30,A,vredmin,16,4,32,272,5527,389,passed
62,31,A,vredmin,16,8,64,16,647,62,passed
63,31,A,vredmin,16,8,64,272,9863,382,passed
64,32,A,vredmin,32,1,4,16,207,70,passed
65,32,A,vredmin,32,1,4,272,2255,390,passed
66,33,A,vredmin,32,2,8,16,271,70,passed
67,33,A,vredmin,32,2,8,272,3343,390,passed
68,34,A,vredmin,32,4,16,16,399,70,passed
69,34,A,vredmin,32,4,16,272,5519,390,passed
70,35,A,vredmin,32,8,32,16,649,64,passed
71,35,A,vredmin,32,8,32,272,9865,384,passed
72,36,A,vredminu,8,1,16,16,221,70,passed
73,36,A,vredminu,8,1,16,272,2269,390,passed
74,37,A,vredminu,8,2,32,16,285,70,passed
75,37,A,vredminu,8,2,32,272,3357,390,passed
76,38,A,vredminu,8,4,64,16,413,70,passed
77,38,A,vredminu,8,4,64,272,5533,390,passed
78,39,A,vredminu,8,8,128,16,653,63,passed
79,39,A,vredminu,8,8,128,272,9869,383,passed
80,40,A,vredminu,16,1,8,16,218,72,passed
81,40,A,vredminu,16,1,8,272,2266,392,passed
82,41,A,vredminu,16,2,16,16,282,72,passed
83,41,A,vredminu,16,2,16,272,3354,392,passed
84,42,A,vredminu,16,4,32,16,410,72,passed
85,42,A,vredminu,16,4,32,272,5530,392,passed
86,43,A,vredminu,16,8,64,16,650,65,passed
87,43,A,vredminu,16,8,64,272,9866,385,passed
88,44,A,vredminu,32,1,4,16,210,73,passed
89,44,A,vredminu,32,1,4,272,2258,393,passed
90,45,A,vredminu,32,2,8,16,274,73,passed
91,45,A,vredminu,32,2,8,272,3346,393,passed
92,46,A,vredminu,32,4,16,16,402,73,passed
93,46,A,vredminu,32,4,16,272,5522,393,passed
94,47,A,vredminu,32,8,32,16,652,67,passed
95,47,A,vredminu,32,8,32,272,9868,387,passed
96,48,B,vredmax,8,8,1,16,647,62,passed
97,48,B,vredmax,8,8,1,272,9863,382,passed
98,49,B,vredmax,8,8,2,16,647,62,passed
99,49,B,vredmax,8,8,2,272,9863,382,passed
100,50,B,vredmax,8,8,3,16,647,62,passed
101,50,B,vredmax,8,8,3,272,9863,382,passed
102,51,B,vredmax,8,8,4,16,647,62,passed
103,51,B,vredmax,8,8,4,272,9863,382,passed
104,52,B,vredmax,8,8,5,16,647,62,passed
105,52,B,vredmax,8,8,5,272,9863,382,passed
106,53,B,vredmax,8,8,8,16,647,62,passed
107,53,B,vredmax,8,8,8,272,9863,382,passed
108,54,B,vredmax,8,8,9,16,647,62,passed
109,54,B,vredmax,8,8,9,272,9863,382,passed
110,55,B,vredmax,8,8,16,16,647,62,passed
111,55,B,vredmax,8,8,16,272,9863,382,passed
112,56,B,vredmax,8,8,17,16,647,62,passed
113,56,B,vredmax,8,8,17,272,9863,382,passed
114,57,B,vredmax,8,8,32,16,647,62,passed
115,57,B,vredmax,8,8,32,272,9863,382,passed
116,58,B,vredmax,8,8,33,16,647,62,passed
117,58,B,vredmax,8,8,33,272,9863,382,passed
118,59,B,vredmax,8,8,64,16,647,62,passed
119,59,B,vredmax,8,8,64,272,9863,382,passed
120,60,B,vredmax,8,8,65,16,647,62,passed
121,60,B,vredmax,8,8,65,272,9863,382,passed
122,61,B,vredmax,8,8,127,16,647,62,passed
123,61,B,vredmax,8,8,127,272,9863,382,passed
124,62,B,vredmax,8,8,128,16,647,62,passed
125,62,B,vredmax,8,8,128,272,9863,382,passed
126,63,B,vredmax,16,8,1,16,649,64,passed
127,63,B,vredmax,16,8,1,272,9865,384,passed
128,64,B,vredmax,16,8,2,16,649,64,passed
129,64,B,vredmax,16,8,2,272,9865,384,passed
130,65,B,vredmax,16,8,3,16,649,64,passed
131,65,B,vredmax,16,8,3,272,9865,384,passed
132,66,B,vredmax,16,8,4,16,649,64,passed
133,66,B,vredmax,16,8,4,272,9865,384,passed
134,67,B,vredmax,16,8,5,16,649,64,passed
135,67,B,vredmax,16,8,5,272,9865,384,passed
136,68,B,vredmax,16,8,8,16,649,64,passed
137,68,B,vredmax,16,8,8,272,9865,384,passed
138,69,B,vredmax,16,8,9,16,649,64,passed
139,69,B,vredmax,16,8,9,272,9865,384,passed
140,70,B,vredmax,16,8,16,16,649,64,passed
141,70,B,vredmax,16,8,16,272,9865,384,passed
142,71,B,vredmax,16,8,17,16,649,64,passed
143,71,B,vredmax,16,8,17,272,9865,384,passed
144,72,B,vredmax,16,8,32,16,649,64,passed
145,72,B,vredmax,16,8,32,272,9865,384,passed
146,73,B,vredmax,16,8,33,16,649,64,passed
147,73,B,vredmax,16,8,33,272,9865,384,passed
148,74,B,vredmax,16,8,63,16,649,64,passed
149,74,B,vredmax,16,8,63,272,9865,384,passed
150,75,B,vredmax,16,8,64,16,649,64,passed
151,75,B,vredmax,16,8,64,272,9865,384,passed
152,76,B,vredmax,32,8,1,16,651,66,passed
153,76,B,vredmax,32,8,1,272,9867,386,passed
154,77,B,vredmax,32,8,2,16,651,66,passed
155,77,B,vredmax,32,8,2,272,9867,386,passed
156,78,B,vredmax,32,8,3,16,651,66,passed
157,78,B,vredmax,32,8,3,272,9867,386,passed
158,79,B,vredmax,32,8,4,16,651,66,passed
159,79,B,vredmax,32,8,4,272,9867,386,passed
160,80,B,vredmax,32,8,5,16,651,66,passed
161,80,B,vredmax,32,8,5,272,9867,386,passed
162,81,B,vredmax,32,8,8,16,651,66,passed
163,81,B,vredmax,32,8,8,272,9867,386,passed
164,82,B,vredmax,32,8,9,16,651,66,passed
165,82,B,vredmax,32,8,9,272,9867,386,passed
166,83,B,vredmax,32,8,16,16,651,66,passed
167,83,B,vredmax,32,8,16,272,9867,386,passed
168,84,B,vredmax,32,8,17,16,651,66,passed
169,84,B,vredmax,32,8,17,272,9867,386,passed
170,85,B,vredmax,32,8,31,16,651,66,passed
171,85,B,vredmax,32,8,31,272,9867,386,passed
172,86,B,vredmax,32,8,32,16,651,66,passed
173,86,B,vredmax,32,8,32,272,9867,386,passed
