test,set,c,h,w,filter_h,filter_w,out_h,out_w,cycles_muriscv,cycles_redmax,ratio_redmax_muriscv,winner,valid
0,cmsis-nn,8,12,22,5,6,3,3,48188,23062,0.479,redmax,True
1,cmsis-nn,3,5,9,5,9,1,1,5884,941,0.16,redmax,True
2,cmsis-nn,5,1,12,1,3,1,12,4059,3795,0.935,redmax,True
3,cmsis-nn,2,1,9,1,1,1,5,707,1030,1.457,muriscv,True
4,cmsis-nn,2,20,1,3,1,7,1,3086,2419,0.784,redmax,True
5,cmsis-nn,20,3,3,1,1,3,3,1461,9923,6.792,muriscv,True
6,cmsis-nn,17,5,1,4,3,2,1,1188,4455,3.75,muriscv,True
7,cmsis-nn,1,2,4,2,2,1,2,1286,580,0.451,redmax,True
100,sweep,1,16,16,2,2,8,8,31286,8074,0.258,redmax,True
101,sweep,1,16,16,3,3,5,5,28221,4240,0.15,redmax,True
102,sweep,1,16,16,4,4,4,4,32200,3411,0.106,redmax,True
103,sweep,1,16,16,8,8,2,2,32064,1657,0.052,redmax,True
104,sweep,1,16,16,16,16,1,1,31846,933,0.029,redmax,True
105,sweep,2,16,16,2,2,8,8,31286,13760,0.44,redmax,True
106,sweep,2,16,16,3,3,5,5,28221,7280,0.258,redmax,True
107,sweep,2,16,16,4,4,4,4,32200,5881,0.183,redmax,True
108,sweep,2,16,16,8,8,2,2,32064,2795,0.087,redmax,True
109,sweep,2,16,16,16,16,1,1,31846,1474,0.046,redmax,True
110,sweep,4,16,16,2,2,8,8,31416,24652,0.785,redmax,True
111,sweep,4,16,16,3,3,5,5,28221,13140,0.466,redmax,True
112,sweep,4,16,16,4,4,4,4,32200,10691,0.332,redmax,True
113,sweep,4,16,16,8,8,2,2,32064,5061,0.158,redmax,True
114,sweep,4,16,16,16,16,1,1,31846,2576,0.081,redmax,True
115,sweep,8,16,16,2,2,8,8,31676,46416,1.465,muriscv,True
116,sweep,8,16,16,3,3,5,5,28351,24970,0.881,redmax,True
117,sweep,8,16,16,4,4,4,4,32200,20291,0.63,redmax,True
118,sweep,8,16,16,8,8,2,2,32064,9573,0.299,redmax,True
119,sweep,8,16,16,16,16,1,1,31846,4760,0.149,redmax,True
120,sweep,16,16,16,2,2,8,8,32196,89944,2.794,muriscv,True
121,sweep,16,16,16,3,3,5,5,28611,48630,1.7,muriscv,True
122,sweep,16,16,16,4,4,4,4,32330,39621,1.226,muriscv,True
123,sweep,16,16,16,8,8,2,2,32064,18597,0.58,redmax,True
124,sweep,16,16,16,16,16,1,1,31846,9128,0.287,redmax,True
125,sweep,32,16,16,2,2,8,8,34707,177000,5.1,muriscv,True
126,sweep,32,16,16,3,3,5,5,29575,95820,3.24,muriscv,True
127,sweep,32,16,16,4,4,4,4,32957,78281,2.375,muriscv,True
128,sweep,32,16,16,8,8,2,2,32155,36645,1.14,muriscv,True
129,sweep,32,16,16,16,16,1,1,31868,17864,0.561,redmax,True
130,sweep,64,16,16,2,2,8,8,39541,351112,8.88,muriscv,True
131,sweep,64,16,16,3,3,5,5,31432,190200,6.051,muriscv,True
132,sweep,64,16,16,4,4,4,4,34167,155601,4.554,muriscv,True
133,sweep,64,16,16,8,8,2,2,32459,72871,2.245,muriscv,True
134,sweep,64,16,16,16,16,1,1,31913,35336,1.107,muriscv,True
