test,variant,status,cycles,instructions,n,h,w,c,filter_h,filter_w,stride_h,stride_w,pad_h,pad_w,out_h,out_w
0,muriscv,passed,48188,7796,2,12,22,8,5,6,5,9,1,1,3,3
0,redmax,passed,23062,5569,2,12,22,8,5,6,5,9,1,1,3,3
1,muriscv,passed,5884,962,1,5,9,3,5,9,2,1,0,0,1,1
1,redmax,passed,941,304,1,5,9,3,5,9,2,1,0,0,1,1
2,muriscv,passed,4059,1089,1,1,12,5,1,3,2,1,0,1,1,12
2,redmax,passed,3795,1361,1,1,12,5,1,3,2,1,0,1,1,12
3,muriscv,passed,707,392,1,1,9,2,1,1,1,2,0,0,1,5
3,redmax,passed,1030,437,1,1,9,2,1,1,1,2,0,0,1,5
4,muriscv,passed,3086,1094,1,20,1,2,3,1,3,1,0,0,7,1
4,redmax,passed,2419,883,1,20,1,2,3,1,3,1,0,0,7,1
5,muriscv,passed,1461,729,1,3,3,20,1,1,1,1,0,0,3,3
5,redmax,passed,9923,3155,1,3,3,20,1,1,1,1,0,0,3,3
6,muriscv,passed,1188,421,1,5,1,17,4,3,3,1,1,1,2,1
6,redmax,passed,4455,1160,1,5,1,17,4,3,3,1,1,1,2,1
7,muriscv,passed,1286,378,1,2,4,1,2,2,2,2,0,0,1,2
7,redmax,passed,580,254,1,2,4,1,2,2,2,2,0,0,1,2
100,muriscv,passed,31286,7361,1,16,16,1,2,2,2,2,0,0,8,8
100,redmax,passed,8074,3316,1,16,16,1,2,2,2,2,0,0,8,8
101,muriscv,passed,28221,5332,1,16,16,1,3,3,3,3,0,0,5,5
101,redmax,passed,4240,1588,1,16,16,1,3,3,3,3,0,0,5,5
102,muriscv,passed,32200,5469,1,16,16,1,4,4,4,4,0,0,4,4
102,redmax,passed,3411,1180,1,16,16,1,4,4,4,4,0,0,4,4
103,muriscv,passed,32064,4763,1,16,16,1,8,8,8,8,0,0,2,2
103,redmax,passed,1657,520,1,16,16,1,8,8,8,8,0,0,2,2
104,muriscv,passed,31846,4470,1,16,16,1,16,16,16,16,0,0,1,1
104,redmax,passed,933,292,1,16,16,1,16,16,16,16,0,0,1,1
105,muriscv,passed,31286,7361,1,16,16,2,2,2,2,2,0,0,8,8
105,redmax,passed,13760,4660,1,16,16,2,2,2,2,2,0,0,8,8
106,muriscv,passed,28221,5332,1,16,16,2,3,3,3,3,0,0,5,5
106,redmax,passed,7280,2263,1,16,16,2,3,3,3,3,0,0,5,5
107,muriscv,passed,32200,5469,1,16,16,2,4,4,4,4,0,0,4,4
107,redmax,passed,5881,1708,1,16,16,2,4,4,4,4,0,0,4,4
108,muriscv,passed,32064,4763,1,16,16,2,8,8,8,8,0,0,2,2
108,redmax,passed,2795,748,1,16,16,2,8,8,8,8,0,0,2,2
109,muriscv,passed,31846,4470,1,16,16,2,16,16,16,16,0,0,1,1
109,redmax,passed,1474,397,1,16,16,2,16,16,16,16,0,0,1,1
110,muriscv,passed,31416,7369,1,16,16,4,2,2,2,2,0,0,8,8
110,redmax,passed,24652,7356,1,16,16,4,2,2,2,2,0,0,8,8
111,muriscv,passed,28221,5332,1,16,16,4,3,3,3,3,0,0,5,5
111,redmax,passed,13140,3613,1,16,16,4,3,3,3,3,0,0,5,5
112,muriscv,passed,32200,5469,1,16,16,4,4,4,4,4,0,0,4,4
112,redmax,passed,10691,2764,1,16,16,4,4,4,4,4,0,0,4,4
113,muriscv,passed,32064,4763,1,16,16,4,8,8,8,8,0,0,2,2
113,redmax,passed,5061,1204,1,16,16,4,8,8,8,8,0,0,2,2
114,muriscv,passed,31846,4470,1,16,16,4,16,16,16,16,0,0,1,1
114,redmax,passed,2576,607,1,16,16,4,16,16,16,16,0,0,1,1
115,muriscv,passed,31676,7385,1,16,16,8,2,2,2,2,0,0,8,8
115,redmax,passed,46416,12748,1,16,16,8,2,2,2,2,0,0,8,8
116,muriscv,passed,28351,5340,1,16,16,8,3,3,3,3,0,0,5,5
116,redmax,passed,24970,6321,1,16,16,8,3,3,3,3,0,0,5,5
117,muriscv,passed,32200,5469,1,16,16,8,4,4,4,4,0,0,4,4
117,redmax,passed,20291,4876,1,16,16,8,4,4,4,4,0,0,4,4
118,muriscv,passed,32064,4763,1,16,16,8,8,8,8,8,0,0,2,2
118,redmax,passed,9573,2116,1,16,16,8,8,8,8,8,0,0,2,2
119,muriscv,passed,31846,4470,1,16,16,8,16,16,16,16,0,0,1,1
119,redmax,passed,4760,1027,1,16,16,8,16,16,16,16,0,0,1,1
120,muriscv,passed,32196,7417,1,16,16,16,2,2,2,2,0,0,8,8
120,redmax,passed,89944,23532,1,16,16,16,2,2,2,2,0,0,8,8
121,muriscv,passed,28611,5356,1,16,16,16,3,3,3,3,0,0,5,5
121,redmax,passed,48630,11737,1,16,16,16,3,3,3,3,0,0,5,5
122,muriscv,passed,32330,5477,1,16,16,16,4,4,4,4,0,0,4,4
122,redmax,passed,39621,9108,1,16,16,16,4,4,4,4,0,0,4,4
123,muriscv,passed,32064,4763,1,16,16,16,8,8,8,8,0,0,2,2
123,redmax,passed,18597,3940,1,16,16,16,8,8,8,8,0,0,2,2
124,muriscv,passed,31846,4470,1,16,16,16,16,16,16,16,0,0,1,1
124,redmax,passed,9128,1867,1,16,16,16,16,16,16,16,0,0,1,1
125,muriscv,passed,34707,7929,1,16,16,32,2,2,2,2,0,0,8,8
125,redmax,passed,177000,45100,1,16,16,32,2,2,2,2,0,0,8,8
126,muriscv,passed,29575,5555,1,16,16,32,3,3,3,3,0,0,5,5
126,redmax,passed,95820,22561,1,16,16,32,3,3,3,3,0,0,5,5
127,muriscv,passed,32957,5605,1,16,16,32,4,4,4,4,0,0,4,4
127,redmax,passed,78281,17572,1,16,16,32,4,4,4,4,0,0,4,4
128,muriscv,passed,32155,4791,1,16,16,32,8,8,8,8,0,0,2,2
128,redmax,passed,36645,7588,1,16,16,32,8,8,8,8,0,0,2,2
129,muriscv,passed,31868,4477,1,16,16,32,16,16,16,16,0,0,1,1
129,redmax,passed,17864,3547,1,16,16,32,16,16,16,16,0,0,1,1
130,muriscv,passed,39541,8953,1,16,16,64,2,2,2,2,0,0,8,8
130,redmax,passed,351112,88236,1,16,16,64,2,2,2,2,0,0,8,8
131,muriscv,passed,31432,5953,1,16,16,64,3,3,3,3,0,0,5,5
131,redmax,passed,190200,44209,1,16,16,64,3,3,3,3,0,0,5,5
132,muriscv,passed,34167,5861,1,16,16,64,4,4,4,4,0,0,4,4
132,redmax,passed,155601,34500,1,16,16,64,4,4,4,4,0,0,4,4
133,muriscv,passed,32459,4855,1,16,16,64,8,8,8,8,0,0,2,2
133,redmax,passed,72871,14892,1,16,16,64,8,8,8,8,0,0,2,2
134,muriscv,passed,31913,4491,1,16,16,64,16,16,16,16,0,0,1,1
134,redmax,passed,35336,6907,1,16,16,64,16,16,16,16,0,0,1,1
